,Capacity (mah),Nominal voltage (V),Cells configuration,Discharge (C),Battery height (mm),Bettry length (mm),Battery width (mm),Battery weight (g),Motor name,Shaft diameter (mm),Motor diameter (mm),Motor height (mm),Magnetic poles,KV (rpm/V),Motor weight (g),No load current (A),Resistance (Ohm),Propeller Name,Propeller diameter (in),Propeller pitch (in),Propeller weight (g),Propeller material,Tests,Peak rotational speed (rpm),Peak torque (Nm),Peak current (A),Peak thrust (kgf),Hovering rotational speed (rpm),Hovering torque (Nm),Hovering current (A),Hovering PWM
53832,3500,7.4,2S1P,60,18.8,92.8,46.5,149.0,DYS D1410,,14.0,10.5,,3500,5.0,,,6030 Carbon Nylon,6.0,3.0,2.22,Carbon Nylon,16,25900.0,0.06868418657624709,25.17406920497268,0.7925989614955432,15447.838458453143,0.026403255381809584,9.677298532807285,0.5964416393225151
53838,3500,7.4,2S1P,60,18.8,92.8,46.5,149.0,DYS D1410,,14.0,10.5,,3500,5.0,,,Gemfan 6030 Thick hub,6.0,3.0,5.23,Plastic,7,25900.0,0.06868418657624709,25.17406920497268,0.7925989614955432,15447.838458453143,0.026403255381809584,9.677298532807285,0.5964416393225151
91764,7000,3.7,1S2P,50,19.0,93.0,47.0,147.0,DYS BE1104,1.5,14.0,12.5,,7500,5.6,,,6030 Carbon Nylon,6.0,3.0,2.22,Carbon Nylon,16,27750.0,0.07803487203426546,61.288445096448996,0.9023693984715532,15447.838458151698,0.02640325538177653,20.73706828456108,0.5566788633568179
91770,7000,3.7,1S2P,50,19.0,93.0,47.0,147.0,DYS BE1104,1.5,14.0,12.5,,7500,5.6,,,Gemfan 6030 Thick hub,6.0,3.0,5.23,Plastic,7,27750.0,0.07803487203426546,61.288445096448996,0.9023693984715532,15447.838458151698,0.02640325538177653,20.73706828456108,0.5566788633568179
